[{"teacher_id":3456, "first_name":"Nidh", "last_name":"T", "email":"nidhit1972@gmail.com"},
 {"teacher_id":3457, "first_name":"Pushpa ", "last_name":"V", "email":"pushpav1963@gmail.com"},
 {"teacher_id":3458, "first_name":"Prashanth", "last_name":"CH", "email":"prasanthch1964@gmail.com"},
 {"teacher_id":3459, "first_name":"Priya", "last_name":"K", "email":"priyak1965@gmail.com"},
 {"teacher_id":3460, "first_name":"Srija", "last_name":"CH", "email":"srijach1966@gmail.com"},
 {"teacher_id":3461, "first_name":"Malith", "last_name":"K", "email":"malithk1967@gmail.com"},
 {"teacher_id":3462, "first_name":"Aswith", "last_name":"U", "email":"aswithu1968@gmail.com"},
 {"teacher_id":3463, "first_name":"Aadhi", "last_name":"M", "email":"aadhim1969@gmail.com"},
 {"teacher_id":3464, "first_name":"Jitendra", "last_name":"K", "email":"jitendral1970@gmail.com"},
 {"teacher_id":3465, "first_name":"Sai", "last_name":"R", "email":"teacher3465@school.com"}]