[{"order_item_id":1, "order_id":3, "product_id":1, "quantity":1},
 {"order_item_id":2, "order_id":4, "product_id":3, "quantity":4},
 {"order_item_id":3, "order_id":5, "product_id":3, "quantity":3},
 {"order_item_id":4, "order_id":7, "product_id":4, "quantity":2},
 {"order_item_id":5, "order_id":8, "product_id":4, "quantity":2},
 {"order_item_id":6, "order_id":9, "product_id":4, "quantity":2},
 {"order_item_id":7, "order_id":10, "product_id":4, "quantity":2},
 {"order_item_id":8, "order_id":11, "product_id":3, "quantity":2},
 {"order_item_id":9, "order_id":12, "product_id":4, "quantity":2},
 {"order_item_id":10, "order_id":13, "product_id":3, "quantity":2},
 {"order_item_id":11, "order_id":14, "product_id":3, "quantity":3},
 {"order_item_id":12, "order_id":15, "product_id":1, "quantity":2},
 {"order_item_id":13, "order_id":16, "product_id":5, "quantity":5}]