[{"order_id":2, "customer_id":2, "order_date":"", "total_price":0.0, "shipping_address":"ongole"},
 {"order_id":3, "customer_id":2, "order_date":"", "total_price":0.0, "shipping_address":"ongole"},
 {"order_id":4, "customer_id":2, "order_date":"", "total_price":0.0, "shipping_address":"chennai"},
 {"order_id":5, "customer_id":2, "order_date":"", "total_price":0.0, "shipping_address":"ongole"},
 {"order_id":6, "customer_id":2, "order_date":"", "total_price":0.0, "shipping_address":"ongole"},
 {"order_id":7, "customer_id":2, "order_date":"", "total_price":0.0, "shipping_address":"nellore"},
 {"order_id":8, "customer_id":3, "order_date":"", "total_price":0.0, "shipping_address":"chennai"},
 {"order_id":9, "customer_id":2, "order_date":"", "total_price":0.0, "shipping_address":"qwerty"},
 {"order_id":10, "customer_id":3, "order_date":"2024-01-22", "total_price":0.0, "shipping_address":"ongole"},
 {"order_id":11, "customer_id":3, "order_date":"2024-01-22", "total_price":0.0, "shipping_address":"banglore"},
 {"order_id":12, "customer_id":3, "order_date":"2024-01-22", "total_price":0.0, "shipping_address":"hyd"},
 {"order_id":13, "customer_id":3, "order_date":"2024-01-22", "total_price":0.0, "shipping_address":"asd"},
 {"order_id":14, "customer_id":3, "order_date":"2024-01-22", "total_price":0.0, "shipping_address":"qwert"},
 {"order_id":15, "customer_id":3, "order_date":"2024-01-22", "total_price":0.0, "shipping_address":"qwertt"},
 {"order_id":16, "customer_id":3, "order_date":"2024-01-22", "total_price":0.0, "shipping_address":"nellore"}]