[{"course_id":1, "course_name":"AUTOMOBILE", "credits":10, "teacher_id":3460},
 {"course_id":2, "course_name":"CIVIL", "credits":12, "teacher_id":3458},
 {"course_id":3, "course_name":"CSE", "credits":15, "teacher_id":3458},
 {"course_id":4, "course_name":"IT", "credits":15, "teacher_id":3461},
 {"course_id":5, "course_name":"ML", "credits":15, "teacher_id":3464},
 {"course_id":6, "course_name":"AI", "credits":12, "teacher_id":3463},
 {"course_id":7, "course_name":"CSIT", "credits":18, "teacher_id":3462},
 {"course_id":8, "course_name":"ECE", "credits":10, "teacher_id":3457},
 {"course_id":9, "course_name":"EEE", "credits":12, "teacher_id":3465},
 {"course_id":10, "course_name":"MECHANICAL", "credits":18, "teacher_id":3459}]