[{"payment_id":20160, "student_id":123, "amount":25000, "payment_date":"2019-06-04"},
 {"payment_id":20161, "student_id":124, "amount":21000, "payment_date":"2019-08-13"},
 {"payment_id":20162, "student_id":125, "amount":23000, "payment_date":"2019-09-13"},
 {"payment_id":20163, "student_id":126, "amount":24000, "payment_date":"2019-07-15"},
 {"payment_id":20164, "student_id":127, "amount":25000, "payment_date":"2019-10-16"},
 {"payment_id":20165, "student_id":128, "amount":24000, "payment_date":"2019-11-25"},
 {"payment_id":20166, "student_id":129, "amount":24500, "payment_date":"2019-06-09"},
 {"payment_id":20167, "student_id":130, "amount":25500, "payment_date":"2019-12-01"},
 {"payment_id":20168, "student_id":131, "amount":24000, "payment_date":"2019-08-23"},
 {"payment_id":20170, "student_id":123, "amount":22500, "payment_date":"2020-04-16"}]