[{"student_id":122, "first_name":"Ram", "last_name":"S", "date_of_birth":"2000-12-13", "email":"rams2000@gmail.com", "phone_number":"9133570690"},
 {"student_id":123, "first_name":"Ravi", "last_name":"E", "date_of_birth":"2002-07-15", "email":"ravie2002@gmail.com", "phone_number":"7539514682"},
 {"student_id":124, "first_name":"Amar", "last_name":"N", "date_of_birth":"2000-09-25", "email":"amarn2000@gmail.com", "phone_number":"9527521346"},
 {"student_id":125, "first_name":"Bhargav", "last_name":"J", "date_of_birth":"2001-08-12", "email":"bhargavh2001@gmail.com", "phone_number":"7412589630"},
 {"student_id":126, "first_name":"Andy", "last_name":"T", "date_of_birth":"2003-06-12", "email":"andyt2003@gmail.com", "phone_number":"8521446630"},
 {"student_id":127, "first_name":"Arjun", "last_name":"A", "date_of_birth":"2001-09-19", "email":"arjuna2001@gmail.com", "phone_number":"9856231470"},
 {"student_id":128, "first_name":"Mike", "last_name":"T", "date_of_birth":"2000-05-24", "email":"mike2000@gmail.com", "phone_number":"7519536482"},
 {"student_id":129, "first_name":"Jessica", "last_name":"D", "date_of_birth":"2002-02-05", "email":"jessicad2002@gmail.com", "phone_number":"7896541230"},
 {"student_id":130, "first_name":"Raj", "last_name":"K", "date_of_birth":"2001-05-08", "email":"rajk2001@gmail.com", "phone_number":"7412369850"},
 {"student_id":131, "first_name":"Rahul", "last_name":"M", "date_of_birth":"2002-08-05", "email":"rahula2002@gmail.com", "phone_number":"7412589632"}]